Año;Delitos; Buenos Aires ; C.A.B.A. ; Catamarca ; Chaco ; Chubut ; Cordoba ; Corrientes ; Entre Rios ; Formosa ; Jujuy ; La Pampa ; La Rioja ; Mendoza ; Misiones ; Neuquen ; Rio Negro ; Salta ; San Juan ; San Luis ; Santa Cruz ; Santa Fe ; S. del Estero ; T. del Fuego ; Tucuman ;
2016;Delitos contra las personas (culposos);341;81;0;10;8;16;17;35;2;5;47;8;70;28;19;18;56;31;4;3;131;10;0;4;
2016;Delitos contra las personas (dolosos);2751;509;41;187;94;517;112;412;84;50;325;20;461;78;96;173;481;72;9;30;583;266;66;82;
2016;Delitos contra el honor;0;0;0;1;0;0;0;0;0;0;0;0;0;0;0;0;0;0;0;0;0;0;0;0;
2016;Delitos contra la integridad sexual;754;170;15;76;50;236;65;169;29;52;84;11;159;74;132;128;241;38;13;15;211;105;15;42;
2016;Delitos contra el estado civil;1;3;0;0;0;0;0;1;0;0;0;0;0;0;0;0;1;0;0;0;0;0;1;0;
2016;Delitos contra la libertad;2406;519;19;99;62;855;21;294;27;12;263;5;476;34;28;136;394;34;8;12;384;122;29;28;
2016;Delitos contra la propiedad;10157;3941;121;156;278;1203;179;596;173;132;297;163;1147;112;182;441;725;226;61;36;1884;238;70;118;
2016;Delitos contra la seguridad publica;2181;369;1;37;33;100;11;99;10;0;32;9;197;14;34;77;27;23;3;7;574;14;0;0;
2016;Delitos contra el orden publico;42;31;0;0;6;3;0;4;0;0;0;0;29;0;5;0;1;0;0;0;35;0;1;0;
2016;Delitos contra la administracion publica;2570;471;13;53;81;443;23;183;31;21;99;22;233;19;43;117;251;34;6;4;423;43;22;8;
2016;Delitos contra la fe publica;77;82;0;2;3;27;5;6;2;0;10;0;8;2;18;4;3;0;2;1;27;1;9;1;
2016;Delitos previstos por Leyes Especiales y Decretos Ley;1763;699;32;103;65;292;85;144;58;127;106;13;318;189;29;62;571;92;41;35;217;42;17;35;
2016;Otros;77;13;0;2;2;8;0;2;0;2;6;1;1;0;5;7;16;2;3;2;30;6;0;0;
2016;Homicidio simple;439;38;1;14;21;42;21;76;11;15;8;4;55;28;29;16;55;13;5;10;104;36;2;28;
2016;Homicidio calificado;97;16;0;6;5;13;0;2;1;1;0;0;18;0;6;9;2;1;0;0;31;2;0;0;
2016;Homicidio calificado a miembros de seguridad, policial o penitenciaria;2;0;0;0;2;0;0;0;1;0;0;0;0;0;2;0;0;1;0;0;1;0;0;0;
2016;Femicidio;1;0;1;2;0;0;1;2;0;1;0;0;0;1;0;0;6;1;0;0;1;0;0;0;
2016;Homicidio en estado de emocion violenta;1;1;0;0;0;0;0;0;0;0;0;0;2;1;0;1;1;0;0;0;2;0;1;0;
2016;Homicidio preterintencional;8;3;0;2;3;2;0;0;2;0;1;0;0;0;2;0;4;0;0;0;5;1;1;0;
2016;Aborto;0;0;0;0;0;0;0;0;0;1;0;0;0;1;0;0;0;0;0;0;0;0;0;0;
2016;Aborto sin consentimiento;1;0;0;0;0;0;0;0;0;0;0;0;0;0;0;0;0;0;0;0;0;0;0;1;
2016;Aborto sin consentimiento seguido de muerte;1;0;0;0;0;0;0;0;0;0;0;0;0;0;0;0;0;0;0;0;0;0;0;0;
2016;Aborto con consentimiento seguido de muerte;1;0;0;0;0;0;0;0;0;0;0;0;0;0;0;0;0;0;0;0;1;0;0;0;
2016;Lesiones leves;568;172;13;57;18;88;25;62;27;4;39;8;62;13;6;43;69;17;0;3;83;66;21;17;
2016;Lesiones leves calificadas;739;143;10;57;13;224;30;83;9;11;234;3;227;9;16;46;216;7;1;7;102;105;29;8;
2016;Lesiones graves;294;56;9;19;13;32;16;80;15;9;20;2;26;11;10;26;42;4;0;6;65;24;7;11;
2016;Lesiones graves calificadas;79;11;3;10;5;25;2;19;2;1;5;0;17;3;3;5;23;0;0;1;35;1;1;1;
2016;Lesiones gravisimas;9;4;1;1;0;4;0;0;0;2;3;0;2;0;2;0;2;0;0;0;1;1;0;2;
2016;Lesiones gravisimas calificadas;1;1;0;1;0;0;0;1;0;0;1;0;0;1;1;1;1;0;1;0;2;0;0;0;
2016;Lesiones en estado de emocion violenta;0;0;0;0;0;0;0;1;0;0;0;0;0;0;0;0;0;0;0;0;0;0;0;0;
2016;Lesiones en estado de emocion violenta calificadas;0;0;0;0;0;0;0;0;0;0;0;0;0;0;0;0;0;0;0;0;1;0;0;0;
2016;Homicidio en riña;15;1;0;1;4;0;0;3;3;0;0;0;1;0;2;2;2;0;0;0;11;2;0;4;
2016;Lesiones graves o gravisimas en riña;11;4;0;0;0;0;0;0;0;0;1;0;0;0;2;0;0;0;0;0;7;0;0;0;
2016;Lesiones en riña calificadas;5;2;0;0;0;1;0;0;0;0;0;0;3;0;0;0;0;0;0;0;5;0;0;0;
2016;Disparo de arma de fuego sin herir;28;0;0;0;0;12;0;0;0;0;0;0;0;1;0;0;0;0;0;0;0;0;0;0;
2016;Disparo de arma de fuego con herida;5;1;0;0;0;2;0;1;0;0;0;0;0;0;0;0;0;0;0;0;0;0;0;0;
2016;Agresion con toda arma;25;1;1;1;1;25;0;1;0;0;1;0;3;0;0;1;9;0;0;0;1;0;0;0;
2016;Disparo de arma de fuego y agresion agravada;23;1;0;0;0;4;0;0;0;0;1;0;1;0;0;1;0;0;0;0;3;0;1;0;
2016;Abandono de persona;3;2;0;0;0;0;0;0;0;0;0;0;1;0;1;1;0;0;0;0;1;1;0;0;
2016;Abandono de persona calificado;5;2;0;0;0;1;1;0;0;0;0;0;0;0;1;0;0;0;0;0;4;0;0;0;
2016;Homicidio calificado por el vinculo;26;1;0;2;1;3;4;4;4;2;0;2;6;2;0;1;9;4;0;0;1;1;0;2;
2016;Homicidio con ensañamiento, alevosia, insidia;8;6;1;1;0;4;5;1;0;0;0;0;2;1;2;1;1;10;0;0;1;4;0;1;
2016;"Homicidio premeditado; pluralidad de agentes";4;1;0;1;0;0;0;1;0;0;0;0;0;0;0;0;0;7;0;0;0;0;1;0;
2016;"Homicidio ""criminis causa""";30;7;0;2;1;3;3;1;0;0;0;0;3;0;0;3;5;1;0;2;0;2;2;0;
2016;Homicidio por placer, codicia, odio racial o religioso;0;0;0;0;0;1;0;0;0;0;0;0;0;0;0;0;0;0;0;0;0;0;0;0;
2016;Aborto preterintencional;2;0;0;1;0;0;0;0;0;0;0;0;0;0;0;0;0;0;0;0;0;0;0;0;
2016;Aborto de la mujer, propio o consentido;0;0;0;0;0;0;0;0;0;0;1;0;0;0;0;0;0;0;0;0;2;0;0;0;
2016;Lesiones leves en riña;11;3;0;0;0;1;0;0;0;0;0;0;2;0;0;0;0;0;0;0;3;2;0;3;
2016;Abandono de persona seguido de muerte;3;0;0;0;0;2;0;0;0;0;0;0;0;0;0;0;1;0;0;0;0;1;0;0;
2016;Abandono de parientes y conyuge;1;1;0;0;0;0;0;0;0;0;0;0;0;0;1;0;0;0;0;0;1;0;0;0;
2016;Abuso de armas;267;24;1;6;4;23;0;66;2;1;8;0;28;2;5;12;7;5;0;1;91;3;0;1;
2016;Lesiones;12;6;0;1;3;1;0;3;1;2;2;1;2;2;1;1;23;0;0;0;6;13;0;3;
2016;Homicidio en exceso de la legitima defensa;26;1;0;2;0;4;4;5;6;0;0;0;0;2;4;3;3;1;2;0;12;1;0;0;
2016;Violacion;2;0;0;0;0;0;0;0;0;0;0;0;1;0;0;0;0;0;0;0;0;0;0;0;
2016;Estupro;15;4;0;4;2;2;3;6;4;7;3;0;5;5;1;6;13;1;0;0;14;7;1;1;
2016;Promocion o facilitacion de la corrupcion de menores;20;2;0;3;1;11;1;0;0;0;0;0;3;3;0;1;8;0;0;0;8;0;0;1;
2016;Promocion o facilitacion de la corrupcion de menores calificada;31;3;0;0;0;25;1;1;0;0;2;0;3;0;1;1;4;2;0;0;4;0;1;1;
2016;Promocion y facilitacion de la prostitucion o corrupcion de mayores;4;0;0;0;0;1;0;0;1;0;0;0;0;0;0;1;0;0;3;0;6;0;0;0;
2016;Corrupcion o prostitucion de mayores;2;0;0;0;0;0;0;0;0;0;0;0;0;0;0;0;0;0;0;0;0;0;0;0;
2016;Abuso deshonesto;9;2;0;0;0;1;0;0;0;0;0;0;2;0;0;0;0;0;2;0;11;0;0;0;
2016;Abuso deshonesto calificado;2;2;0;0;0;0;0;0;0;0;0;0;0;0;0;0;0;0;0;0;0;0;0;0;
2016;Promocion o facilitacion de la prostitucion calificada;1;0;0;0;0;0;0;0;0;0;0;0;0;0;0;0;0;0;0;0;5;0;0;0;
2016;Publicaciones y reproducciones obscenas;7;12;0;0;0;0;1;0;0;0;3;0;1;1;1;1;2;0;0;0;3;0;0;0;
2016;Exhibiciones obscenas;15;2;0;1;0;4;0;3;0;0;1;0;3;0;1;4;2;0;0;0;4;2;1;0;
2016;Rapto;7;1;0;0;1;1;0;0;0;0;0;0;0;1;0;1;0;0;0;0;0;1;0;0;
2016;Rapto calificado;2;1;0;1;0;0;0;0;0;0;0;0;0;0;0;0;0;0;0;0;0;0;0;0;
2016;Adulterio;0;0;0;0;0;0;0;0;0;0;0;0;0;1;0;0;0;0;0;0;1;2;0;0;
2016;Estupro agravado;0;0;0;0;0;0;0;0;0;0;0;0;1;0;0;0;1;0;0;0;0;0;0;0;
2016;Trata de mujeres;2;0;0;0;0;0;0;0;0;0;0;0;5;0;0;0;0;0;0;0;0;0;0;0;
2016;Trata de menores;0;0;0;0;1;1;0;0;0;0;0;0;0;0;0;0;0;0;0;0;0;0;0;0;
2016;Rapto impropio;0;0;0;0;0;1;0;0;0;0;0;0;0;0;0;0;0;0;0;0;0;0;0;0;
2016;Promocion o facilitacion de la prostitucion;13;0;0;0;0;0;1;0;0;0;0;0;0;0;0;0;0;0;0;0;10;0;0;0;
2016;Abuso sexual;226;84;1;26;30;49;17;83;10;11;47;5;55;21;75;70;87;5;1;2;57;19;3;17;
2016;Abuso sexual seguido de muerte;0;0;0;0;0;0;0;0;0;0;0;0;1;0;0;0;0;0;0;0;0;0;0;0;
2016;Abuso sexual agravado;395;57;14;41;15;140;41;76;14;34;28;6;79;42;53;43;124;30;7;13;88;74;9;22;
2016;Violacion calificada;1;0;0;0;0;0;0;0;0;0;0;0;0;0;0;0;0;0;0;0;0;0;0;0;
2017;Delitos contra las personas (culposos);583;79;15;16;25;20;16;23;4;2;56;4;56;43;4;24;41;22;3;3;140;5;2;10;
2017;Delitos contralas personas (dolosos);3054;505;39;295;114;551;114;336;85;32;258;24;706;73;95;193;452;57;15;23;387;190;57;167;
2017;Delitos contrael honor;3;0;0;0;0;0;0;0;0;0;0;0;1;0;0;0;0;0;0;0;0;0;0;0;
2017;Delitos contrala integridad sexual;1291;267;18;130;75;286;86;238;40;62;106;15;241;90;138;210;302;46;11;35;219;73;30;90;
2017;Delitos contra el estado civil;2;3;0;0;0;0;0;0;0;0;0;0;0;0;2;0;0;0;0;0;4;0;0;0;
2017;Delitos contrala libertad;2444;445;8;132;56;784;25;242;32;6;182;8;771;36;55;150;403;30;4;5;300;72;33;65;
2017;Delitos contrala propiedad;6565;1911;54;168;155;922;114;343;116;79;214;99;972;68;92;239;427;154;44;56;989;107;50;112;
2017;Delitos contrala seguridad publica;2567;358;2;48;51;146;12;115;10;0;33;6;365;21;36;93;34;27;4;14;485;18;3;9;
2017;Delitos contra el orden publico;82;37;0;0;3;12;2;4;0;0;0;0;6;0;0;0;3;0;0;0;22;0;0;2;
2017;Delitos contralaadministracion publica;3314;597;11;81;78;484;25;174;37;12;88;16;438;29;49;142;229;43;7;6;382;27;15;16;
2017;Delitos contra la fe publica;115;101;0;2;1;29;2;13;1;1;3;0;11;4;8;12;4;3;0;1;42;1;6;4;
2017;Delitos previstos por Leyes Especiales y Decretos Ley;2187;786;51;162;72;396;84;235;61;158;129;18;460;315;90;118;517;139;69;78;279;31;36;39;
2017;Delitos contra el orden economico y financiero;0;2;0;0;0;0;0;0;0;0;0;0;0;0;0;0;0;0;0;0;0;0;0;0;
2017;Otros;85;30;0;2;2;1;0;2;0;17;9;0;2;2;5;12;14;3;1;11;32;3;0;4;
2017;Abandono de parientes y conyuge;1;0;0;0;0;0;0;1;0;0;0;0;1;0;0;0;0;0;0;0;1;0;0;0;
2017;Abandono de persona;3;0;0;0;0;1;0;1;1;0;0;0;1;0;0;0;1;0;0;0;0;0;0;0;
2017;Abandono de persona calificado;2;0;0;0;0;0;0;0;0;0;0;0;1;0;0;0;0;1;0;0;1;2;0;0;
2017;Abandono de persona seguido de muerte;3;1;0;0;0;0;0;0;0;0;0;0;1;0;0;0;2;0;0;0;0;0;0;0;
2017;Aborto;3;0;0;0;0;2;0;0;0;0;0;0;2;0;0;0;3;0;0;0;0;0;0;0;
2017;Aborto cometido por profesional;0;0;0;0;0;0;0;0;0;0;0;0;1;0;0;0;0;0;0;0;0;0;0;0;
2017;Aborto con consentimiento;0;0;0;0;0;0;0;0;0;0;0;0;2;0;0;0;1;0;0;0;0;0;0;0;
2017;Aborto con consentimiento seguido de muerte;0;0;0;0;0;0;0;0;0;0;0;0;0;0;0;0;1;0;0;0;0;0;0;0;
2017;Aborto preterintencional;0;0;0;0;0;0;0;0;0;0;1;0;0;0;0;0;1;0;0;0;0;0;0;0;
2017;Aborto sin consentimiento;1;0;0;0;0;0;0;0;0;0;0;0;0;0;0;0;0;0;0;0;0;0;0;0;
2017;Abuso de armas;246;22;0;4;11;29;2;54;1;0;6;1;36;1;2;18;6;4;0;2;53;2;0;1;
2017;Agresion con toda arma;19;1;1;1;0;15;1;3;2;0;0;0;5;0;0;1;8;0;1;0;2;0;0;0;
2017;Disparo de arma de fuego con herida;5;0;0;0;0;2;0;0;0;0;0;0;0;0;0;0;0;0;0;0;0;0;0;0;
2017;Disparo de arma de fuego sin herir;26;2;0;0;0;6;0;3;0;0;0;0;2;0;0;1;0;1;0;0;5;0;0;0;
2017;Disparo de arma de fuego y agresion agravada;35;1;0;0;0;7;0;2;0;0;0;0;0;0;0;0;0;0;0;0;1;0;0;0;
2017;Femicidio;8;3;0;1;0;1;1;5;0;0;1;0;12;0;3;0;6;1;0;0;1;1;0;1;
2017;"Homicidio ""criminis causa""";62;8;0;0;1;5;1;1;0;3;1;0;5;4;0;2;2;0;2;0;1;0;2;2;
2017;Homicidio calificado;173;6;2;11;5;25;0;3;1;2;2;0;25;5;7;8;4;3;1;0;34;4;1;9;
2017;Homicidio calificado a miembros de seguridad, policial o penitenciaria;6;0;0;0;0;1;0;0;0;0;0;0;1;0;1;0;0;0;0;0;0;0;0;0;
2017;Homicidio calificado por el vinculo;32;9;2;3;0;18;1;7;1;0;2;0;21;1;2;1;11;1;0;0;2;0;0;3;
2017;Homicidio con ensañamiento, alevosia, insidia;15;1;0;6;0;10;2;1;0;0;1;0;1;0;3;3;1;1;0;0;1;2;0;1;
2017;Homicidio en estado de emocion violenta;3;0;0;0;0;0;0;0;0;0;0;0;0;0;0;0;1;0;0;0;0;0;0;0;
2017;Homicidio en estado de emocion violenta calificado;0;0;0;0;0;0;0;0;1;0;0;0;0;0;0;0;0;0;0;0;0;0;0;0;
2017;Homicidio en exceso de la legitima defensa;15;0;0;1;2;0;0;1;6;0;1;0;3;2;2;0;2;0;0;0;6;1;0;1;
2017;Homicidio en riña;11;0;0;4;1;0;0;1;1;0;0;0;4;0;1;0;0;0;0;0;9;6;0;0;
2017;Homicidio en riña calificado;0;0;0;0;0;0;0;0;1;0;0;0;0;0;0;0;0;0;0;0;0;3;0;0;
2017;Homicidio por placer, codicia, odio racial o religioso;1;0;0;0;0;0;0;0;0;0;0;0;0;0;0;0;0;0;0;0;0;0;0;1;
2017;Homicidio por precio o promesa remuneratoria;0;0;0;0;0;0;0;0;0;0;0;0;1;0;0;0;0;0;0;0;0;0;0;1;
2017;"Homicidio premeditado; pluralidad de agentes";7;1;0;6;0;0;0;0;0;0;1;0;4;0;1;0;0;0;0;0;0;0;1;0;
2017;Homicidio preterintencional;11;2;0;2;0;0;1;0;0;0;1;0;1;1;1;0;4;1;0;0;1;0;0;0;
2017;Homicidio preterintencional calificado;2;0;0;0;0;0;0;0;0;0;0;0;0;0;0;0;0;0;0;0;0;0;0;0;
2017;Homicidio simple;414;30;12;22;24;27;17;47;10;6;3;4;47;23;15;20;30;9;4;4;61;18;3;48;
2017;Homicidio utilizando medio catastrofico;1;0;0;0;0;0;0;0;0;0;0;0;0;0;0;0;0;0;0;0;0;0;0;0;
2017;Lesiones en estado de emocion violenta calificadas;0;0;0;0;0;0;0;0;0;0;0;0;0;0;0;0;0;0;0;0;0;1;0;0;
2017;Lesiones en riña calificadas;6;0;0;0;1;0;0;1;0;0;1;0;0;0;0;0;0;0;0;0;1;0;0;0;
2017;Lesiones graves;308;45;8;26;18;42;12;47;12;3;21;6;47;10;13;19;63;1;3;8;41;20;7;30;
2017;Lesiones graves calificadas;86;23;1;9;3;22;3;10;3;6;5;1;13;2;3;4;26;1;0;0;19;4;2;2;
2017;Lesiones graves o gravisimas en riña;10;5;0;0;3;4;0;0;0;0;2;3;0;0;0;2;0;1;0;0;1;0;0;0;
2017;Lesiones gravisimas;7;0;0;0;0;0;0;0;0;0;0;0;2;0;0;1;6;0;0;0;0;0;0;1;
2017;Lesiones gravisimas calificadas;3;0;0;0;0;1;1;0;0;1;0;0;3;0;0;1;2;0;1;0;1;0;0;0;
2017;Lesiones leves;709;157;5;57;27;128;25;58;21;4;57;6;130;10;19;60;76;22;2;4;63;34;15;39;
2017;Lesiones leves calificadas;813;184;8;142;18;205;47;90;24;7;152;2;334;14;22;52;195;9;1;5;81;92;26;27;
2017;Lesiones leves en riña;7;4;0;0;0;0;0;0;0;0;0;1;0;0;0;0;0;1;0;0;1;0;0;0;
2017;Abuso sexual;377;133;7;54;45;60;34;111;15;14;54;8;105;20;77;103;142;0;1;9;76;24;8;26;
2017;Abuso sexual agravado;690;82;9;66;28;177;46;95;21;46;39;7;111;56;55;69;124;33;9;22;104;46;16;57;
2017;Abuso sexual seguido de muerte;1;0;0;0;0;0;1;0;0;0;0;0;0;0;0;0;0;0;0;0;0;0;0;0;
2017;Corrupcion o prostitucion de mayores;0;0;0;0;0;0;0;1;0;0;1;0;0;0;0;0;0;0;0;0;0;0;0;0;
2017;Estupro;22;3;0;4;0;5;3;13;0;2;2;0;3;9;4;12;17;1;0;0;9;1;0;3;
2017;Estupro agravado;3;1;0;0;0;0;0;0;0;0;0;0;0;0;0;0;0;0;0;0;0;0;0;0;
2017;Exhibiciones obscenas;28;6;0;3;0;6;0;3;2;0;4;0;4;0;2;4;4;0;0;1;5;2;1;0;
2017;Ley 26.904 (Grooming);7;1;0;1;1;0;0;3;0;0;0;0;0;0;0;1;3;0;0;0;3;0;1;0;
2017;Promocion o facilitacion de la corrupcion de menores;46;4;0;2;0;17;1;3;1;0;0;0;4;1;0;12;5;5;0;1;3;0;2;1;
2017;Promocion o facilitacion de la corrupcion de menores calificada;28;3;1;0;0;14;1;2;1;0;1;0;5;2;0;3;3;7;0;1;4;0;1;1;
2017;Promocion o facilitacion de la prostitucion;26;0;0;0;0;1;0;0;0;0;0;0;0;0;0;3;0;0;0;0;2;0;0;0;
2017;Promocion o facilitacion de la prostitucion calificada;4;1;0;0;0;1;0;2;0;0;2;0;0;0;0;0;0;0;0;0;5;0;0;0;
2017;Promocion y facilitacion de la prostitucion o corrupcion de mayores;5;0;0;0;0;0;0;0;0;0;0;0;0;0;0;0;0;0;0;0;1;0;0;0;
2017;Proxenetismo;15;8;0;0;0;2;0;0;0;0;1;0;7;1;0;0;0;0;1;0;4;0;0;0;
2017;Proxenetismo agravado;5;0;0;0;0;0;0;0;0;0;0;0;0;0;0;0;0;0;0;0;0;0;0;0;
2017;Publicaciones y reproducciones obscenas;18;25;0;0;1;1;0;3;0;0;1;0;1;1;0;2;3;0;0;1;1;0;1;2;
2017;Rapto;10;0;0;0;0;1;0;1;0;0;1;0;1;0;0;1;1;0;0;0;0;0;0;0;
2017;Rapto calificado;2;0;0;0;0;0;0;0;0;0;0;0;0;0;0;0;0;0;0;0;1;0;0;0;
2017;Rapto de menor impuber;0;0;1;0;0;0;0;0;0;0;0;0;0;0;0;0;0;0;0;0;0;0;0;0;
2017;Trata de mujeres;2;0;0;0;0;1;0;1;0;0;0;0;0;0;0;0;0;0;0;0;1;0;0;0;
2017;Violacion;1;0;0;0;0;0;0;0;0;0;0;0;0;0;0;0;0;0;0;0;0;0;0;0;
2017;Violacion agravada;1;0;0;0;0;0;0;0;0;0;0;0;0;0;0;0;0;0;0;0;0;0;0;0;
2018;Delitos contra las personas (culposos);580;127;14;18;11;35;12;29;10;6;84;7;76;20;15;65;52;16;7;3;99;10;1;14;
2018;Delitos contra las personas (dolosos);4702;1589;39;450;155;869;157;493;108;54;371;18;1131;99;126;425;873;86;10;44;500;236;101;202;
2018;Delitos contra el honor;0;1;0;1;0;1;0;0;0;0;1;0;0;0;0;1;0;0;0;1;0;0;0;0;
2018;Delitos contra la integridad sexual;1622;323;33;186;57;364;118;255;24;63;142;14;325;181;138;269;369;68;23;31;226;141;18;69;
2018;Delitos contra el estado civil;11;8;0;0;1;0;0;0;0;0;0;0;1;2;0;0;0;0;0;0;0;0;0;0;
2018;Delitos contra la libertad;3826;1220;30;223;108;1266;42;324;62;22;277;6;1161;63;53;276;741;69;8;26;381;107;49;103;
2018;Delitos contra la propiedad;6175;4421;70;158;160;947;104;367;132;58;181;49;1034;69;101;293;507;176;39;31;665;119;64;89;
2018;Delitos contra la seguridad publica;2181;515;2;63;54;129;9;109;8;6;36;2;264;14;30;97;39;55;11;4;503;13;6;5;
2018;Delitos contra el orden publico;70;77;0;0;3;16;7;2;0;0;0;0;5;0;0;2;3;0;0;0;22;4;0;0;
2018;Delitos contra la administracion publica;3456;959;17;103;81;612;26;189;50;5;125;7;499;49;63;204;393;54;12;8;341;30;19;23;
2018;Delitos contra la fe publica;137;148;0;2;7;36;3;9;4;5;20;0;8;5;3;4;10;0;1;0;24;0;2;0;
2018;Delitos previstos por Leyes Especiales y Decretos Ley;878;314;6;157;33;68;64;145;15;17;158;9;655;45;24;108;346;11;4;18;77;19;13;14;
2018;Delitos previstos por Leyes de Estupefacientes;1891;619;28;191;91;564;150;224;102;136;88;8;230;247;34;114;476;123;39;32;333;36;44;22;
2018;Delitos de lesa humanidad (Ataque generalizado o sistematico contra una poblacion civil);2;0;0;0;0;0;0;0;0;0;0;0;0;0;0;0;0;0;0;0;0;0;0;0;
2018;Delitos contra el orden economico y financiero;0;3;0;0;0;0;0;3;0;0;0;0;0;0;0;0;0;0;0;0;0;0;0;0;
2018;Otros;60;20;1;2;1;4;0;2;1;22;11;3;2;0;1;17;18;2;5;3;34;0;1;1;
2018;Abandono de parientes y conyuge;1;0;0;0;0;0;0;0;0;0;0;0;0;0;0;1;0;0;0;0;2;0;1;0;
2018;Abandono de persona;6;3;0;0;0;0;0;0;1;0;2;0;0;0;0;1;0;0;0;0;1;0;0;0;
2018;Abandono de persona calificado;2;1;0;2;0;0;1;0;0;0;0;0;1;0;0;0;0;0;0;0;2;0;1;0;
2018;Abandono de persona seguido de muerte;5;0;0;0;0;0;0;0;0;0;0;0;0;0;0;0;1;0;0;0;1;0;0;0;
2018;Aborto;1;1;0;0;0;0;0;0;0;0;0;0;0;0;0;0;1;0;0;0;3;0;0;0;
2018;Aborto cometido por profesional;0;0;0;0;0;0;0;0;0;0;0;0;2;0;0;0;0;0;0;0;0;0;0;0;
2018;Aborto con consentimiento;0;0;0;0;0;0;0;0;0;0;0;0;0;0;0;0;1;0;0;0;0;0;0;0;
2018;Aborto con consentimiento seguido de muerte;0;7;0;1;0;0;0;0;0;0;0;0;2;0;0;0;0;0;0;0;0;0;0;0;
2018;Aborto preterintencional;0;0;0;0;0;0;0;0;0;0;0;0;0;0;0;0;1;0;0;0;0;0;0;0;
2018;Aborto sin consentimiento;3;0;0;0;0;1;0;0;0;0;0;0;2;0;0;0;0;0;0;0;1;0;0;0;
2018;Aborto sin consentimiento seguido de muerte;1;1;0;0;0;0;0;0;0;0;0;0;0;0;0;0;0;0;0;0;0;0;0;0;
2018;Abuso de armas;268;34;1;8;8;52;1;40;0;0;10;1;44;1;3;13;12;0;1;1;66;6;0;1;
2018;Agresion con toda arma;36;3;1;2;0;42;1;5;1;0;1;0;18;0;1;3;14;0;0;0;6;1;3;0;
2018;Disparo de arma de fuego con herida;2;1;0;0;0;0;0;0;0;0;0;0;0;0;0;0;0;0;0;0;2;0;0;0;
2018;Disparo de arma de fuego sin herir;23;3;0;0;0;6;0;0;0;0;0;0;2;0;0;1;0;0;0;0;4;0;0;0;
2018;Disparo de arma de fuego y agresion agravada;36;2;0;0;0;15;0;0;0;0;0;0;3;0;0;0;0;0;0;0;3;0;1;0;
2018;Disparo de arma de fuego y agresion en estado de emocion violenta;2;0;0;0;0;0;0;0;0;0;0;0;0;0;0;0;0;0;0;0;0;0;0;0;
2018;Duelo irregular;0;1;0;0;0;0;0;0;0;0;0;0;0;0;0;0;0;0;0;0;0;0;0;0;
2018;Femicidio;74;22;0;5;0;10;2;16;2;3;2;0;15;2;4;8;26;0;0;0;6;1;2;8;
2018;"Homicidio ""crimis causa""";74;10;0;3;2;4;3;2;1;0;0;0;15;0;0;1;4;4;1;2;5;0;0;1;
2018;Homicidio calificado;92;14;1;2;9;10;3;2;1;0;1;1;10;2;6;1;1;0;0;0;15;0;0;5;
2018;Homicidio calificado a miembros de seguridad, policial o penitenciaria;10;2;0;1;0;4;0;0;2;0;0;0;4;0;0;0;0;0;0;0;1;0;0;0;
2018;Homicidio calificado por el vinculo;130;46;0;6;0;15;6;14;4;3;8;0;30;5;5;18;25;1;0;0;10;5;7;19;
2018;Homicidio con el proposito de causar sufrimiento a una persona con la que se mantiene o ha mantenido una relacion;0;0;0;0;0;0;1;0;0;0;0;0;1;0;1;0;1;0;0;0;0;0;0;0;
2018;Homicidio con ensañamiento, alevosia, insidia;25;3;0;4;0;5;1;3;0;4;0;0;1;0;0;1;4;7;0;1;4;2;0;2;
2018;Homicidio en estado de emocion violenta;0;0;0;0;0;1;0;4;0;0;0;1;0;0;0;0;0;0;0;0;3;0;0;0;
2018;Homicidio en exceso de la legitima defensa;16;1;0;2;6;4;1;2;2;0;0;0;2;1;0;5;3;1;1;0;4;0;0;1;
2018;Homicidio en riña;14;3;0;2;1;2;0;0;0;0;0;0;5;0;0;0;1;0;0;0;4;0;0;4;
2018;Homicidio en riña calificado;4;0;0;0;0;0;0;0;0;0;0;0;0;0;0;0;0;0;0;0;0;0;0;0;
2018;Homicidio por abuso de su funcion o cargo, cuando fuere miembro integrante de la fuerza de seguridad, policiales o del servicio penitenciario;5;0;0;0;1;0;0;0;0;0;0;0;0;0;0;2;0;0;0;0;0;0;0;1;
2018;Homicidio por placer, codicia, odio racial o religioso;0;0;0;0;0;1;0;0;0;2;0;0;0;0;0;0;2;0;0;0;0;0;0;0;
2018;Homicidio por precio o promesa remuneratoria;1;0;0;0;0;1;0;0;0;0;0;0;0;0;0;0;0;0;0;0;0;0;0;0;
2018;"Homicidio premeditado; pluralidad de agentes";20;6;0;1;0;1;0;0;2;3;0;0;0;0;0;0;3;7;0;0;3;0;0;0;
2018;Homicidio preterintencional;20;0;2;7;6;1;1;3;0;0;0;0;1;1;0;1;4;0;0;0;3;2;0;0;
2018;Homicidio preterintencional calificado;1;0;0;0;0;0;0;0;0;0;0;0;1;0;0;0;1;0;0;0;0;0;0;1;
2018;Homicidio simple;440;52;3;18;16;48;21;46;14;8;9;2;61;31;13;29;45;6;3;7;71;17;1;29;
2018;Homicidio utilizando medio catastrofico;3;0;0;0;0;0;0;0;0;0;0;0;0;0;0;0;0;0;0;0;0;0;0;0;
2018;Infanticidio;0;0;0;0;0;0;0;0;0;0;0;0;0;0;0;0;0;0;0;0;1;0;0;0;
2018;Instigacion o ayuda al suicidio;0;1;0;0;0;0;0;0;0;0;0;0;0;0;0;0;0;0;0;0;0;0;0;0;
2018;Lesiones;15;17;0;4;0;2;0;2;2;1;1;0;6;1;0;7;11;0;0;0;3;0;0;4;
2018;Lesiones en estado de emocion violenta;1;1;0;0;0;0;0;0;0;0;0;0;0;0;0;0;0;0;0;0;0;0;0;0;
2018;Lesiones en riña calificadas;5;5;0;0;0;2;0;0;0;0;0;0;3;0;0;0;1;0;0;0;1;0;1;0;
2018;Lesiones graves;443;126;8;40;33;47;25;60;15;4;24;5;52;7;19;63;111;7;3;9;57;19;5;20;
2018;Lesiones graves calificadas;154;56;1;11;14;24;5;24;5;5;10;1;28;9;8;30;48;2;0;4;21;9;7;3;
2018;Lesiones graves o gravisimas en riña;4;2;0;0;1;0;0;0;0;0;1;0;2;2;0;0;0;0;0;0;0;1;0;0;
2018;Lesiones gravisimas;9;3;0;1;1;4;2;0;0;0;2;1;1;2;3;1;3;0;1;0;3;1;0;1;
2018;Lesiones gravisimas calificadas;5;2;0;0;0;2;0;1;0;2;0;0;0;0;1;0;2;0;0;0;1;0;0;1;
2018;Lesiones leves;1217;505;8;117;25;166;38;90;26;5;83;4;181;16;29;104;153;19;0;8;83;48;31;39;
2018;Lesiones leves calificadas;1525;654;14;213;32;399;45;179;30;14;215;2;638;19;33;135;385;32;0;12;107;124;40;62;
2018;Lesiones leves en riña;9;1;0;0;0;0;0;0;0;0;2;0;0;0;0;0;9;0;0;0;3;0;1;0;
2018;Abuso sexual;355;115;8;50;13;41;28;95;6;8;49;2;71;34;54;84;111;9;5;16;47;26;4;14;
2018;Abuso sexual  cometido por ascendiente, descendiente, a fin en linea recta, hermano, tutor, curador, ministro de algun culto reconocido o no, encargado de la educacion o de la guarda;170;24;4;28;13;49;14;32;2;1;14;1;43;27;16;38;47;6;2;2;20;21;3;7;
2018;Abuso sexual agravado;307;42;5;34;8;63;25;37;1;21;20;4;53;36;20;35;48;10;3;2;24;23;4;17;
2018;Abuso sexual agravado por acceso carnal;209;12;8;27;9;49;17;19;11;17;11;4;53;40;17;21;56;14;6;4;34;37;3;16;
2018;Abuso sexual cometido  por personal perteneciente a las fuerzas policiales o de seguridad en ocasion de sus funciones.;1;0;0;0;0;0;0;0;0;0;0;0;0;0;0;0;0;0;0;0;0;1;0;1;
2018;Abuso sexual cometido contra un menor de 18 años, aprovechando la situacion de convivencia preexistente con el mismo.;174;35;3;28;9;35;17;21;1;8;19;2;51;19;18;38;40;8;3;2;24;11;3;5;
2018;Abuso sexual cometido por autor que tuviere conocimiento de ser portador de una enfermedad de transmision sexual grave, y hubiere existido peligro de contagio.;2;1;0;1;0;0;1;0;0;0;0;0;0;0;0;1;0;1;0;0;0;0;0;0;
2018;Abuso sexual cometido por dos o mas personas, o con armas.;20;6;0;1;0;11;0;4;0;0;0;0;5;3;1;1;8;2;2;0;6;1;0;0;
2018;Abuso sexual con grave daño a la salud fisica o mental de la victima;15;1;0;1;0;11;1;0;0;1;2;0;5;0;0;3;0;2;0;0;0;2;0;0;
2018;Abuso sexual con sometimiento  sexual gravemente ultrajante para la victima;117;5;4;6;3;30;6;11;0;5;5;0;20;5;9;7;23;9;1;1;9;5;0;0;
2018;Abuso sexual con violencia, amenaza, abuso coactivo o intimidatorio de una relacion de dependencia, de autoridad, o de poder, o aprovechamiento de que la victima por cualquier causa no haya podido consentir libremente la accion.;3;1;0;1;0;0;1;0;0;0;0;0;0;1;0;2;0;0;0;0;0;0;0;0;
2018;Abuso sexual seguido de muerte;0;0;0;0;0;1;0;0;0;0;0;0;0;0;0;0;0;0;0;0;0;0;0;1;
2018;Acceso carnal fraudulento;1;0;0;0;0;0;0;0;0;0;0;0;0;0;0;0;0;0;0;0;0;0;0;0;
2018;Adulterio;0;0;0;0;0;0;0;0;0;0;0;0;0;2;0;0;0;0;0;0;0;0;0;0;
2018;Corrupcion o prostitucion de mayores;1;0;0;0;0;0;0;1;0;0;0;0;0;0;0;0;0;0;0;0;0;0;0;0;
2018;Estupro;11;8;0;4;2;4;3;4;0;1;3;1;7;5;0;4;20;0;0;0;14;12;0;3;
2018;Estupro agravado;0;0;0;0;0;0;0;1;0;0;0;0;0;0;0;1;2;0;0;0;0;0;0;0;
2018;Exhibiciones obscenas;24;5;0;1;0;8;1;3;1;0;1;0;2;1;2;4;3;2;0;0;2;0;0;0;
2018;Grooming;8;5;0;1;0;2;0;4;0;0;2;0;1;0;0;1;1;0;0;0;0;0;0;0;
2018;lesiones;2;0;0;0;0;0;0;0;0;0;0;0;0;0;0;0;0;0;0;0;0;0;0;0;
2018;Ley 26.904 (Grooming);10;6;0;0;0;0;0;3;0;0;8;0;0;0;0;1;1;0;0;0;1;1;0;0;
2018;Promocion o facilitacion de la corrupcion de menores;60;6;0;2;0;36;0;6;0;0;1;0;4;2;0;8;5;3;0;4;5;0;1;0;
2018;Promocion o facilitacion de la corrupcion de menores calificada;22;1;0;1;0;12;2;6;2;1;0;0;4;4;0;5;1;1;0;0;6;0;0;1;
2018;Promocion o facilitacion de la prostitucion;15;0;0;0;0;0;0;1;0;0;0;0;1;0;0;2;0;0;0;0;8;0;0;1;
2018;Promocion o facilitacion de la prostitucion calificada;14;1;0;0;0;2;0;0;0;0;0;0;0;0;0;1;0;0;0;0;5;1;0;2;
2018;Promocion y facilitacion de la prostitucion  o corrupcion de mayores;13;0;0;0;0;0;0;2;0;0;0;0;0;1;0;0;0;0;0;0;6;0;0;0;
2018;Proxenetismo;20;4;0;0;0;4;0;1;0;0;1;0;2;0;0;3;0;0;1;0;7;0;0;0;
2018;Proxenetismo agravado;1;0;0;0;0;0;1;0;0;0;0;0;1;0;0;0;0;0;0;0;2;0;0;0;
2018;Publicaciones y reproducciones obscenas;26;43;0;0;0;4;0;2;0;0;5;0;1;0;1;6;3;1;0;0;1;0;0;0;
2018;Rapto;8;1;1;0;0;1;1;1;0;0;0;0;1;0;0;2;0;0;0;0;1;0;0;0;
2018;Rapto calificado;2;0;0;0;0;0;0;0;0;0;0;0;0;0;0;0;0;0;0;0;0;0;0;0;
2018;Rapto de menor impuber;0;0;0;0;0;0;0;0;0;0;0;0;0;0;0;0;0;0;0;0;0;0;0;1;
2018;Trata de menores;2;0;0;0;0;0;0;0;0;0;0;0;0;0;0;0;0;0;0;0;0;0;0;0;
2018;Trata de mujeres;7;1;0;0;0;0;0;1;0;0;0;0;0;0;0;1;0;0;0;0;4;0;0;0;
2018;Violacion;1;0;0;0;0;0;0;0;0;0;0;0;0;1;0;0;0;0;0;0;0;0;0;0;
2018;Violacion agravada;0;0;0;0;0;1;0;0;0;0;0;0;0;0;0;0;0;0;0;0;0;0;0;0;
2018;Violacion calificada;1;0;0;0;0;0;0;0;0;0;1;0;0;0;0;0;0;0;0;0;0;0;0;0;
2019;Delitos contra las personas (culposos);578;142;10;7;19;21;12;33;4;5;52;7;177;19;9;44;49;20;10;6;77;10;3;8;
2019;Delitos contra las personas (dolosos);3930;933;38;369;131;587;79;361;69;47;272;5;940;68;73;349;509;63;18;42;565;318;45;143;
2019;Delitos contra el honor;3;0;0;2;0;0;0;0;0;0;0;4;2;0;0;0;0;0;0;0;1;0;0;0;
2019;Delitos contra la integridad sexual;1417;325;22;220;87;207;51;210;31;66;116;13;297;86;95;224;286;88;33;34;246;105;29;89;
2019;Delitos contra el estado civil;7;2;0;0;0;0;0;0;0;0;0;0;0;0;0;0;0;0;0;0;2;0;1;0;
2019;Delitos contra la libertad;4374;672;20;242;85;1042;28;310;46;35;203;4;1038;48;47;261;560;66;21;16;452;158;34;72;
2019;Delitos contra la propiedad;8806;3744;62;272;272;1305;134;540;152;79;291;87;1481;122;194;495;778;319;77;47;1224;328;66;148;
2019;Delitos contra la seguridad publica;2353;246;2;64;57;118;11;112;10;4;17;1;285;22;27;78;36;58;12;4;539;34;5;6;
2019;Delitos contra el orden publico;108;97;0;3;10;43;0;5;0;0;4;0;14;2;0;4;2;0;0;0;38;2;0;0;
2019;Delitos contra la administracion publica;4058;587;13;157;87;593;41;213;35;19;71;14;548;45;80;212;343;70;38;5;374;58;18;26;
2019;Delitos contra la fe publica;144;79;1;5;2;15;1;11;0;0;1;0;13;3;1;6;13;5;6;2;18;7;3;0;
2019;Delitos previstos por Leyes Especiales y Decretos Ley;891;383;3;177;36;47;33;132;7;29;93;2;652;17;18;131;256;5;2;13;93;41;13;16;
2019;Delitos previstos por Leyes de Estupefacientes;1659;806;38;135;27;458;76;274;121;254;20;11;154;216;47;169;409;48;57;5;639;163;26;24;
2019;Delitos contra el orden economico y financiero;2;7;0;1;0;0;0;0;0;0;0;0;0;0;0;0;0;0;0;0;0;0;0;0;
2019;Delitos de lesa humanidad (Ataque generalizado o sistematico contra una poblacion civil);0;0;0;0;2;0;0;0;0;0;0;0;0;0;0;0;0;0;0;0;0;0;0;0;
2019;Otros;26;8;1;0;0;0;1;1;0;22;1;0;7;0;0;8;2;1;4;3;7;3;0;0;
2019;Abandono de parientes y conyuge;3;2;0;0;0;0;1;0;0;0;0;0;1;0;0;0;0;0;0;0;0;0;0;0;
2019;Abandono de persona;5;2;0;0;0;0;0;0;0;0;0;0;0;0;0;0;0;0;0;0;0;2;0;0;
2019;Abandono de persona calificado;2;0;0;0;0;0;0;0;0;0;0;0;1;0;0;0;1;0;0;0;0;2;0;0;
2019;Abandono de persona seguido de muerte;0;0;0;0;0;0;1;0;0;0;0;0;0;0;0;0;0;0;0;0;0;1;0;0;
2019;Aborto;4;0;0;0;0;0;0;1;0;0;0;0;0;0;0;0;0;0;0;0;3;0;0;0;
2019;Aborto cometido por profesional;0;0;0;0;0;0;0;0;0;0;0;0;0;0;0;0;0;0;0;0;2;0;0;0;
2019;Aborto con consentimiento seguido de muerte;0;0;0;0;0;0;0;0;0;0;0;0;0;0;0;0;1;0;0;0;0;0;0;0;
2019;Aborto preterintencional;0;0;0;0;0;0;0;0;0;0;0;0;0;0;0;0;0;0;0;0;0;0;0;1;
2019;Abuso de armas;287;21;0;14;6;28;2;40;2;2;8;0;38;0;2;21;6;5;2;3;97;9;0;3;
2019;Agresion con toda arma;38;3;0;1;3;29;0;4;1;0;0;0;10;0;0;2;9;0;1;0;2;0;0;0;
2019;Disparo de arma de fuego con herida;1;2;0;0;0;1;0;0;0;0;0;0;0;0;0;0;0;0;0;0;0;0;0;0;
2019;Disparo de arma de fuego sin herir;20;0;0;0;0;4;0;0;0;0;0;0;0;1;0;0;0;0;0;0;0;0;0;0;
2019;Disparo de arma de fuego y agresion agravada;36;2;0;0;0;8;0;0;0;0;0;0;3;0;0;0;0;0;0;0;0;0;0;0;
2019;Disparo de arma de fuego y agresion en estado de emocion violenta;1;0;0;0;0;1;0;0;0;0;0;0;1;0;0;0;0;0;0;0;0;0;0;0;
2019;Femicidio;29;0;1;1;0;2;0;1;0;1;1;0;4;0;0;4;1;0;0;0;5;2;1;1;
2019;"Homicidio ""criminis causa""";40;3;1;0;0;1;0;1;0;0;0;0;5;0;0;1;0;0;0;1;1;2;0;0;
2019;Homicidio calificado;131;7;3;9;8;16;1;1;3;1;1;0;18;1;5;12;7;1;0;0;55;2;0;0;
2019;Homicidio calificado a miembros de seguridad, policial o penitenciaria;2;1;0;0;0;0;0;0;1;0;0;0;1;0;0;0;0;0;0;0;0;0;0;0;
2019;Homicidio calificado por el vinculo;45;1;0;3;0;5;0;8;0;2;2;0;9;1;2;3;1;2;1;2;4;2;0;8;
2019;Homicidio con el proposito de causar sufrimiento a una persona con la que se mantiene o ha mantenido una relacion;0;0;0;0;0;1;0;0;0;0;0;0;0;0;0;0;0;0;0;0;0;0;0;0;
2019;Homicidio con ensañamiento, alevosia, insidia;14;1;2;1;1;0;0;0;1;1;0;0;1;0;0;1;1;1;1;0;3;1;0;0;
2019;Homicidio en estado de emocion violenta;6;0;0;0;0;1;0;0;0;0;0;0;0;0;0;0;0;0;0;0;1;0;0;0;
2019;Homicidio en estado de emocion violenta calificado;0;0;0;1;0;0;0;0;0;0;0;0;0;0;0;0;0;0;0;0;0;0;0;0;
2019;Homicidio en exceso de la legitima defensa;19;6;0;1;2;2;0;2;5;0;0;1;2;0;1;3;7;1;0;1;5;0;0;0;
2019;Homicidio en riña;12;3;0;1;0;2;0;0;1;0;0;0;3;0;3;3;0;0;0;0;10;0;0;0;
2019;Homicidio en riña calificado;1;0;0;0;0;1;0;0;0;0;0;0;0;1;0;0;0;0;0;0;2;0;0;0;
2019;Homicidio por abuso de su funcion o cargo, cuando fuere miembro integrante de la fuerza de seguridad, policiales o del servicio penitenciario;3;0;0;0;0;0;0;0;0;0;0;0;0;0;0;0;1;0;0;0;0;0;0;0;
2019;Homicidio por precio o promesa remuneratoria;1;0;0;4;1;0;0;0;0;0;0;0;0;0;0;0;0;0;0;0;0;1;0;0;
2019;"Homicidio premeditado; pluralidad de agentes";8;0;0;1;0;0;0;0;0;0;0;0;0;0;0;2;4;0;0;0;3;0;0;0;
2019;Homicidio preterintencional;9;5;0;4;0;0;0;2;1;0;1;0;1;0;0;2;2;0;0;0;0;0;0;0;
2019;Homicidio simple;269;30;2;18;14;21;3;28;9;3;3;2;39;14;11;25;24;8;2;9;47;17;1;23;
2019;Lesiones en estado de emocion violenta calificadas;1;0;0;0;0;0;0;0;0;0;0;0;0;0;0;0;0;0;0;0;0;0;0;0;
2019;Lesiones en riña calificadas;2;0;0;0;0;0;0;0;0;0;0;0;0;0;0;0;0;0;0;0;0;0;0;0;
2019;Lesiones graves;312;67;4;11;21;36;16;54;11;3;11;0;47;16;12;57;62;5;3;7;55;32;2;15;
2019;Lesiones graves calificadas;115;48;3;18;7;32;4;21;2;7;6;0;30;3;7;21;19;0;1;0;30;7;3;12;
2019;Lesiones graves o gravisimas en riña;5;1;0;0;1;0;0;0;1;0;0;0;8;3;0;7;0;0;0;3;0;2;0;0;
2019;Lesiones gravisimas;7;0;0;0;0;1;0;2;0;0;1;0;2;0;1;5;1;0;0;0;1;0;0;2;
2019;Lesiones gravisimas calificadas;8;0;0;0;0;0;0;1;0;0;0;0;1;0;0;1;1;0;0;0;0;1;0;1;
2019;Lesiones leves;826;187;8;63;21;120;13;60;18;2;45;1;134;11;6;57;88;22;6;6;88;56;15;25;
2019;Lesiones leves calificadas;1662;537;14;218;45;274;38;135;13;25;193;1;579;13;23;121;273;18;1;10;151;179;23;52;
2019;Lesiones leves en riña;6;4;0;0;1;1;0;0;0;0;0;0;2;4;0;1;0;0;0;0;0;0;0;0;
2019;Abuso sexual;365;147;9;44;27;30;15;67;10;11;49;2;77;11;45;115;95;16;15;12;50;14;7;40;
2019;Abuso sexual cometido por ascendiente, descendiente, a fin en linea recta, hermano, tutor, curador, ministro de algun culto reconocido o no, encargado de la educacion o de la guarda;118;14;1;14;6;17;3;13;4;1;11;1;22;12;5;12;13;10;2;4;22;10;2;2;
2019;Abuso sexual agravado;343;66;6;65;28;60;14;54;8;28;24;3;102;22;17;43;65;22;3;5;39;12;6;17;
2019;Abuso sexual agravado por acceso carnal;213;15;3;42;7;36;6;27;6;11;9;5;34;27;13;11;52;22;0;3;46;41;5;17;
2019;Abuso sexual cometido contra un menor de 18 años, aprovechando la situacion de convivencia preexistente con el mismo.;121;26;1;18;8;14;4;20;1;6;8;2;23;6;9;17;23;9;6;4;29;17;1;5;
2019;Abuso sexual cometido por autor que tuviere conocimiento de ser portador de una enfermedad de transmision sexual grave, y hubiere existido peligro de contagio.;1;0;0;0;0;1;0;0;1;0;0;0;1;0;0;0;0;0;0;0;0;0;0;0;
2019;Abuso sexual cometido por dos o mas personas, o con armas.;6;0;0;8;0;1;0;0;0;0;0;0;1;0;0;0;0;1;0;0;2;0;0;0;
2019;Abuso sexual con grave daño a la salud fisica o mental de la victima;4;1;0;0;0;6;0;0;0;0;0;0;0;0;0;0;0;0;0;0;0;0;0;0;
2019;Abuso sexual con sometimiento sexual gravemente ultrajante para la victima;71;2;1;15;5;13;2;11;1;7;2;0;13;1;4;7;14;3;3;1;18;4;1;3;
2019;Abuso sexual con violencia, amenaza, abuso coactivo o intimidatorio de una relacion de dependencia, de autoridad, o de poder, o aprovechamiento de que la victima por cualquier causa no haya podido consentir libremente la accion.;4;1;0;0;0;1;0;0;0;0;0;0;1;0;0;0;1;0;0;0;2;0;0;0;
2019;Corrupcion o prostitucion de mayores;1;0;0;0;0;0;0;0;0;0;0;0;0;0;0;0;0;0;0;0;1;0;0;0;
2019;Estupro;21;2;0;4;0;0;3;6;0;1;0;0;6;2;0;2;11;1;0;2;10;4;1;2;
2019;Estupro agravado;2;0;0;0;0;0;0;0;0;0;0;0;1;0;0;1;0;0;0;0;0;0;0;0;
2019;Exhibiciones obscenas;30;4;0;2;0;2;3;1;0;0;2;0;6;1;1;1;3;0;1;1;7;2;1;1;
2019;Grooming;15;3;0;2;1;2;0;3;0;0;7;0;0;0;0;3;2;0;0;0;1;0;0;0;
2019;Promocion o facilitacion de la corrupcion de menores;22;3;1;1;0;9;0;2;0;0;0;0;3;2;0;6;3;2;1;1;4;0;2;1;
2019;Promocion o facilitacion de la corrupcion de menores calificada;16;0;0;2;2;7;0;3;0;0;0;0;2;1;0;0;0;2;0;0;6;0;0;0;
2019;Promocion o facilitacion de la prostitucion;9;1;0;1;1;0;0;0;0;0;0;0;2;0;0;0;0;0;0;0;4;0;0;0;
2019;Promocion o facilitacion de la prostitucion calificada;6;0;0;0;0;2;0;0;0;0;0;0;0;0;0;0;1;0;0;0;0;0;0;0;
2019;Promocion y facilitacion de la prostitucion o corrupcion de mayores;6;0;0;0;0;1;0;0;0;0;0;0;0;0;0;0;0;0;0;0;1;1;0;0;
2019;Proxenetismo;6;2;0;0;0;0;0;0;0;0;0;0;1;0;0;0;0;0;0;1;0;0;0;0;
2019;Proxenetismo agravado;0;1;0;0;0;0;0;1;0;0;0;0;0;0;0;0;0;0;1;0;0;0;0;0;
2019;Publicaciones y reproducciones obscenas;31;37;0;1;2;3;1;1;0;1;3;0;0;0;1;4;0;0;0;0;4;0;3;0;
2019;Rapto;3;0;0;1;0;1;0;1;0;0;1;0;1;0;0;2;2;0;0;0;0;0;0;0;
2019;Rapto calificado;3;0;0;0;0;0;0;0;0;0;0;0;1;0;0;0;1;0;0;0;0;0;0;1;
2019;Rapto de menor impuber;0;0;0;0;0;1;0;0;0;0;0;0;0;0;0;0;0;0;0;0;0;0;0;0;
2019;Trata de mujeres;0;0;0;0;0;0;0;0;0;0;0;0;0;1;0;0;0;0;1;0;0;0;0;0;
2020;Delitos contra las personas (culposos);344;65;16;28;6;30;4;37;4;1;14;2;80;12;10;17;31;25;8;2;76;7;1;13;
2020;Delitos contra las personas (dolosos);4.777;760;65;502;93;987;136;506;67;134;344;8;1430;117;89;328;1066;144;42;37;860;225;152;157;
2020;Delitos contra el honor;2;2;0;1;0;0;0;0;0;0;0;0;0;0;0;0;0;0;0;0;0;0;0;0;
2020;Delitos contra la integridad sexual;1330;187;33;130;41;351;65;232;12;90;99;8;269;159;86;176;463;80;38;27;493;90;22;105;
2020;Delitos contra el estado civil;2;4;0;0;0;0;0;0;0;0;0;0;0;0;0;0;0;0;0;0;0;2;0;0;
2020;Delitos contra la libertad;3239;460;24;194;55;1196;21;336;32;29;171;8;965;49;41;143;645;135;25;17;683;94;59;70;
2020;Delitos contra la propiedad;11095;4036;115;386;137;1801;126;635;126;171;230;183;2099;145;147;319;1278;491;158;50;1961;160;116;206;
2020;Delitos contra la seguridad publica;1744;200;3;43;30;149;6;90;13;2;47;0;560;14;25;94;79;48;15;2;735;28;1;6;
2020;Delitos contra el orden publico;64;83;0;1;3;39;0;6;0;0;10;0;9;5;0;1;0;2;0;0;71;0;0;1;
2020;Delitos contra la administracion publica;2585;412;17;110;40;669;15;195;20;24;81;16;557;54;74;166;399;84;54;7;597;44;30;26;
2020;Delitos contra la fe publica;84;89;0;4;0;9;1;17;6;1;3;0;19;2;3;8;2;4;1;0;27;3;2;2;
2020;Delitos previstos por Leyes Especiales y Decretos Ley;916;307;9;159;20;109;29;142;27;39;138;6;693;59;26;98;306;16;11;6;186;31;30;17;
2020;Delitos previstos por Leyes de Estupefacientes;2111;1070;48;207;90;660;73;350;143;218;28;25;330;258;73;120;520;162;100;25;809;170;48;98;
2020;Delitos contra el orden economico y financiero;0;0;0;0;0;0;0;0;0;0;0;0;4;0;0;0;0;0;0;0;2;0;0;0;
2020;Otros;81;37;4;3;1;3;3;3;0;3;4;0;15;5;0;4;12;10;2;4;38;3;6;4;
2020;Abandono de parientes y conyuge;1;0;0;0;0;0;0;0;0;0;0;0;0;0;0;0;0;0;0;0;0;0;0;0;
2020;Abandono de persona;4;0;0;0;0;0;0;0;0;0;0;0;0;0;0;0;0;0;0;0;1;0;0;0;
2020;Abandono de persona calificado;5;0;0;0;0;0;0;0;0;0;0;0;0;0;0;0;0;1;0;0;0;0;0;0;
2020;Abandono de persona seguido de muerte;3;0;0;1;0;0;0;0;0;0;0;0;0;0;0;1;0;0;0;0;1;0;0;0;
2020;Aborto;0;0;0;0;0;0;0;2;0;0;0;0;0;0;0;0;0;0;0;0;1;1;0;0;
2020;Aborto cometido por profesional;0;0;0;0;0;1;0;0;0;0;0;0;0;0;0;0;0;0;0;0;0;0;0;0;
2020;Aborto con consentimiento;0;0;0;0;0;0;0;0;0;0;0;0;0;0;0;0;3;0;0;0;0;0;0;0;
2020;Aborto con consentimiento seguido de muerte;2;0;0;1;0;0;0;0;0;0;0;0;0;0;0;0;0;0;0;0;0;0;0;0;
2020;Aborto de la mujer, propio o consentido;0;0;0;0;0;0;0;0;0;0;0;0;0;0;0;0;0;0;0;0;1;0;0;0;
2020;Aborto preterintencional;1;0;0;0;0;0;0;0;0;0;0;0;0;0;0;0;0;0;0;0;0;0;0;0;
2020;Aborto sin consentimiento;0;0;0;0;0;1;0;0;0;0;0;0;0;1;0;0;0;0;0;0;1;0;0;0;
2020;Abuso de armas;242;9;0;12;9;34;0;17;0;0;5;1;47;2;4;7;6;3;1;1;115;1;1;2;
2020;Agresion con toda arma;44;1;1;0;1;32;1;6;0;0;0;0;15;0;0;0;21;0;0;0;1;0;0;0;
2020;Disparo de arma de fuego con herida;6;0;0;0;0;2;0;0;0;0;0;0;3;0;0;0;0;0;0;0;0;0;0;0;
2020;Disparo de arma de fuego sin herir;25;1;0;0;0;13;0;0;0;0;0;0;1;0;0;0;0;0;0;0;0;0;0;0;
2020;Disparo de arma de fuego y agresion agravada;32;1;0;0;0;13;0;1;0;0;0;0;2;0;0;0;0;0;0;0;1;0;0;0;
2020;Disparo de arma de fuego y agresion en estado de emocion violenta;2;0;0;0;0;0;0;0;0;0;0;0;1;0;0;0;0;0;0;0;0;0;0;0;
2020;Femicidio;301;58;1;45;5;40;10;55;4;18;13;0;156;4;10;34;125;1;5;2;48;17;10;4;
2020;"Homicidio ""criminis causa""";65;1;0;0;0;7;0;1;0;0;1;0;13;4;0;2;5;2;0;0;5;0;1;0;
2020;Homicidio calificado;117;6;0;13;5;24;1;3;2;0;2;0;22;8;2;13;11;2;2;0;58;5;0;4;
2020;Homicidio calificado a miembros de seguridad, policial o penitenciaria;23;4;0;3;0;6;0;1;0;0;1;0;6;0;1;0;5;0;0;0;1;0;0;1;
2020;Homicidio calificado por el vinculo;439;86;10;57;7;98;17;51;6;18;65;0;180;14;10;38;146;8;5;2;57;18;24;11;
2020;Homicidio con el proposito de causar sufrimiento a una persona con la que se mantiene o ha mantenido una relacion;2;0;0;0;0;0;0;0;0;0;0;0;0;1;0;0;1;0;0;0;0;0;0;0;
2020;Homicidio con ensañamiento, alevosia, insidia;26;4;0;2;0;6;3;1;0;4;0;0;2;1;0;6;1;5;0;0;4;1;0;1;
2020;Homicidio en estado de emocion violenta;2;0;0;0;0;0;0;0;0;0;0;0;0;0;0;0;1;0;0;0;0;1;0;0;
2020;Homicidio en estado de emocion violenta calificado;0;0;0;0;0;1;0;0;0;0;0;0;0;0;0;0;0;0;0;0;0;0;0;0;
2020;Homicidio en exceso de la legitima defensa;15;3;1;3;1;1;1;7;0;1;0;0;3;0;2;2;1;1;0;0;5;0;0;3;
2020;Homicidio en riña;18;0;0;7;1;0;0;0;0;2;0;0;4;0;0;4;8;0;0;0;10;1;0;5;
2020;Homicidio en riña calificado;1;0;0;0;0;0;0;0;0;0;0;0;1;0;0;0;10;0;0;0;0;0;0;0;
2020;Homicidio por abuso de su funcion o cargo, cuando fuere miembro integrante de la fuerza de seguridad, policiales o del servicio penitenciario;1;1;0;0;0;2;0;0;0;0;0;0;0;0;0;1;0;0;0;0;0;0;0;2;
2020;Homicidio por placer, codicia, odio racial o religioso;3;0;0;0;0;0;0;0;0;0;0;0;2;0;0;0;0;0;0;0;0;0;0;0;
2020;Homicidio por precio o promesa remuneratoria;0;0;0;0;0;1;0;0;0;0;0;0;0;0;0;0;0;0;0;0;0;0;0;0;
2020;"Homicidio premeditado; pluralidad de agentes";24;0;1;0;0;0;2;0;0;0;0;0;1;0;3;5;3;3;0;0;2;1;0;0;
2020;Homicidio preterintencional;3;1;1;0;2;2;1;3;0;1;0;0;1;0;0;1;6;0;0;0;3;1;0;0;
2020;Homicidio preterintencional calificado;0;0;0;0;0;0;0;0;0;0;0;0;1;0;0;0;1;0;0;0;1;0;0;0;
2020;Homicidio simple;342;19;2;26;25;48;11;35;8;14;2;1;76;18;9;25;47;8;4;8;87;17;1;34;
2020;Infanticidio;1;0;0;0;0;0;0;0;0;0;0;0;0;0;0;0;0;0;0;0;0;0;0;0;
2020;Instigacion o ayuda al suicidio;0;0;0;0;0;0;0;0;0;0;0;0;1;0;0;0;0;0;0;0;0;0;0;0;
2020;Lesiones en riña calificadas;3;11;0;0;0;2;0;0;0;0;0;0;1;0;0;0;0;0;0;0;0;0;0;0;
2020;Lesiones graves;376;59;8;40;12;72;14;59;3;5;6;2;61;9;10;26;57;4;8;10;71;12;7;26;
2020;Lesiones graves calificadas;139;26;0;28;4;30;5;21;1;3;4;1;35;7;8;18;40;3;1;2;29;6;1;8;
2020;Lesiones graves o gravisimas en riña;7;1;0;0;0;2;0;1;0;3;2;0;8;0;0;4;3;0;0;0;3;0;0;0;
2020;Lesiones gravisimas;11;2;0;2;0;4;0;2;0;1;1;0;3;0;0;1;4;0;0;0;4;0;0;0;
2020;Lesiones gravisimas calificadas;2;0;0;0;0;5;0;0;0;0;0;0;3;0;0;0;1;0;0;0;1;0;0;0;
2020;Lesiones leves;1.102;201;17;119;8;194;35;89;22;25;84;2;246;28;11;58;210;56;7;4;130;53;36;25;
2020;Lesiones leves calificadas;1.376;264;23;143;13;346;35;151;21;39;158;1;535;20;19;82;348;47;9;8;218;90;71;31;
2020;Lesiones leves en riña;11;1;0;0;0;0;0;0;0;0;0;0;0;0;0;0;0;0;0;0;1;0;0;0;
2020;Omision de auxilio;0;0;0;0;0;0;0;0;0;0;0;0;0;0;0;0;2;0;0;0;0;0;0;0;
2020;Abuso sexual;216;82;6;37;15;30;11;78;2;6;22;3;40;9;23;38;86;16;7;4;64;9;5;42;
2020;Abuso sexual cometido por ascendiente, descendiente, a fin en linea recta, hermano, tutor, curador, ministro de algun culto reconocido o no, encargado de la educacion o de la guarda;209;27;4;14;8;53;11;40;0;9;17;1;54;42;11;34;80;12;7;8;79;17;4;12;
2020;Abuso sexual agravado;15;0;1;1;2;9;1;2;0;0;3;0;5;2;1;1;4;1;0;0;5;3;2;1;
2020;Abuso sexual agravado por acceso carnal;291;17;7;38;7;88;19;35;5;42;23;2;65;55;22;27;94;21;5;7;124;33;3;25;
2020;Abuso sexual cometido por personal perteneciente a las fuerzas policiales o de seguridad en ocasion de sus funciones;0;2;0;0;0;0;0;0;0;0;0;0;1;0;1;2;0;0;0;0;0;0;0;1;
2020;Abuso sexual cometido contra un menor de 18 años, aprovechando la situacion de convivencia preexistente con el mismo;222;19;6;17;7;49;18;39;2;11;19;0;44;26;20;29;82;9;5;6;76;14;0;13;
2020;Abuso sexual cometido por autor que tuviere conocimiento de ser portador de una enfermedad de transmision sexual grave, y hubiere existido peligro de contagio;0;0;0;0;0;1;0;1;0;0;0;0;0;0;0;0;1;0;0;0;0;1;0;0;
2020;Abuso sexual cometido por dos o mas personas, o con armas;12;2;0;2;0;5;1;0;1;3;0;0;6;2;0;2;6;0;0;0;2;0;0;0;
2020;Abuso sexual con grave daño a la salud fisica o mental de la victima;8;1;2;1;0;15;0;1;0;0;1;0;0;1;0;1;0;4;2;0;6;2;0;2;
2020;Abuso sexual con sometimiento sexual gravemente ultrajante para la victima;159;7;5;7;0;40;1;11;0;13;2;2;30;5;2;13;49;9;8;2;56;3;3;4;
2020;Abuso sexual con violencia, amenaza, abuso coactivo o intimidatorio de una relacion de dependencia, de autoridad, o de poder, o aprovechamiento de que la victima por cualquier causa no haya podido consentir libremente la accion;0;0;0;0;0;0;0;0;0;0;1;0;0;0;0;0;0;0;0;0;2;0;0;0;
2020;Abuso sexual seguido de muerte;1;0;0;0;0;0;0;0;0;1;0;0;0;0;0;0;0;0;0;0;0;0;0;0;
2020;Estupro;10;3;2;5;1;6;1;13;2;3;3;0;4;5;1;6;18;3;0;0;6;3;0;1;
2020;Estupro agravado;0;0;0;0;0;0;0;0;0;0;0;0;0;0;0;1;0;0;0;0;0;0;0;0;
2020;Exhibiciones obscenas;33;3;0;4;1;1;0;3;0;0;1;0;4;1;2;4;7;2;1;0;6;2;3;1;
2020;Grooming;24;3;0;3;0;2;0;5;0;0;4;0;4;1;2;0;6;0;0;0;3;0;2;1;
2020;Promocion o facilitacion de la corrupcion de menores;21;2;0;0;0;7;1;1;0;1;0;0;2;4;0;8;7;1;0;0;8;2;0;0;
2020;Promocion o facilitacion de la corrupcion de menores calificada;59;2;0;0;0;38;1;2;0;0;0;0;2;4;0;3;7;0;1;0;30;1;0;0;
2020;Promocion o facilitacion de la prostitucion;2;2;0;0;0;1;0;0;0;0;0;0;0;0;0;0;3;0;0;0;3;0;0;0;
2020;Promocion o facilitacion de la prostitucion calificada;2;0;0;0;0;0;0;0;0;0;0;0;0;1;0;0;2;0;0;0;1;0;0;1;
2020;Promocion y facilitacion de la prostitucion o corrupcion de mayores;6;1;0;0;0;0;0;0;0;0;0;0;1;0;0;0;0;0;2;0;8;0;0;0;
2020;Proxenetismo;9;0;0;0;0;0;0;0;0;0;0;0;2;0;0;0;3;0;0;0;7;0;0;0;
2020;Proxenetismo agravado;1;0;0;0;0;1;0;0;0;0;0;0;2;0;0;0;0;0;0;0;1;0;0;0;
2020;Publicaciones y reproducciones obscenas;21;14;0;0;0;5;0;1;0;1;3;0;3;1;1;7;4;2;0;0;5;0;0;0;
2020;Rapto;4;0;0;1;0;0;0;0;0;0;0;0;0;0;0;0;2;0;0;0;0;0;0;1;
2020;Rapto calificado;3;0;0;0;0;0;0;0;0;0;0;0;0;0;0;0;2;0;0;0;0;0;0;0;
2020;Rapto de menor impuber;1;0;0;0;0;0;0;0;0;0;0;0;0;0;0;0;0;0;0;0;0;0;0;0;
2020;Trata de mujeres;1;0;0;0;0;0;0;0;0;0;0;0;0;0;0;0;0;0;0;0;1;0;0;0;
2021;Delitos contra las personas (culposos);359;109;14;31;8;23;6;25;3;7;28;2;141;19;9;16;49;19;7;10;69;8;2;31;
2021;Delitos contra las personas (dolosos);3.436;751;61;464;92;824;125;485;61;125;233;10;1.191;79;149;368;775;188;35;30;1.086;136;91;752;
2021;Delitos contra el honor;0;0;0;0;1;0;0;0;0;0;0;0;0;0;0;0;0;0;0;0;0;0;0;0;
2021;Delitos contra la integridad sexual;1.055;356;25;254;94;374;82;306;24;85;141;5;306;135;134;227;419;67;49;44;572;69;26;303;
2021;Delitos contra el estado civil;1;1;0;1;0;1;0;0;0;0;0;0;0;0;0;0;0;0;0;0;0;0;0;1;
2021;Delitos contra la libertad;3.425;688;34;215;79;1.258;36;442;34;71;192;4;1.276;54;93;268;721;121;18;18;997;74;68;547;
2021;Delitos contra la propiedad;5.860;3.235;72;361;170;1.449;81;507;89;133;181;126;1.524;125;197;337;1.049;273;111;43;2.006;110;58;587;
2021;Delitos contra la seguridad publica;1.374;294;1;40;35;217;13;127;29;3;35;1;430;16;53;100;89;45;19;11;1.022;26;3;59;
2021;Delitos contra el orden publico;66;115;0;3;1;97;2;10;0;0;0;0;26;8;6;5;11;0;0;0;110;0;0;7;
2021;Delitos contra la seguridad de la Nacion;0;0;0;0;0;0;0;0;0;0;0;0;0;0;0;0;0;0;0;0;1;0;0;0;
2021;Delitos contra los poderes publicos y el orden constitucional;0;0;0;0;0;0;0;0;0;0;5;0;0;0;0;0;0;0;0;0;1;0;0;0;
2021;Delitos contra la administracion publica;2.202;522;19;101;62;605;37;247;25;31;61;12;643;41;71;241;389;72;42;11;780;17;16;183;
2021;Delitos contra la fe publica;118;135;0;0;3;29;2;2;3;2;0;0;17;4;0;4;5;9;6;1;39;0;4;3;
2021;Delitos previstos por Leyes Especiales y Decretos Ley;1.028;437;29;174;35;144;47;186;16;77;111;2;762;61;44;193;316;42;16;7;272;40;30;178;
2021;Delitos previstos por Leyes de Estupefacientes;1.566;769;25;176;105;778;220;441;76;184;53;55;314;313;31;127;599;175;71;44;686;112;35;35;
2021;Otros;19;15;1;1;1;0;0;0;1;2;0;0;8;2;1;1;10;0;1;0;20;3;0;0;
2021;Delitos contra el orden economico y financiero;0;1;0;0;0;3;2;0;0;0;0;0;0;0;0;0;0;0;0;0;5;1;0;0;
2021;"Abandono ""honoris causa""";1;0;0;0;0;0;0;0;0;0;0;0;0;0;0;0;0;0;0;0;0;0;0;0;
2021;Abandono de parientes y conyuge;3;0;0;0;0;0;0;0;0;0;0;0;0;0;0;0;1;0;0;0;0;0;0;0;
2021;Abandono de persona;3;3;0;0;0;0;0;0;0;0;0;0;1;0;0;2;0;0;0;0;1;0;0;0;
2021;Abandono de persona calificado;2;0;0;0;0;0;0;0;0;0;0;0;0;3;0;0;0;0;0;0;0;0;0;0;
2021;Abandono de persona seguido de muerte;0;1;0;1;0;0;0;0;0;0;0;0;0;0;0;1;1;0;0;0;0;0;0;0;
2021;Aborto;1;0;0;0;0;0;0;0;0;0;0;0;0;0;0;0;0;0;0;0;0;1;0;0;
2021;Aborto preterintencional;2;0;0;0;1;0;0;0;0;0;0;0;0;0;0;0;0;0;0;0;0;0;0;0;
2021;Aborto sin consentimiento;1;0;0;0;0;0;0;0;0;0;0;0;0;0;0;0;0;0;0;0;0;0;0;0;
2021;Aborto sin consentimiento seguido de muerte;0;1;0;0;0;0;0;0;0;0;0;0;0;0;0;0;0;0;0;0;0;0;0;0;
2021;Abuso de armas;150;17;0;9;3;35;1;43;1;1;9;0;53;1;7;11;20;1;2;1;170;2;1;40;
2021;Agresion con toda arma;19;1;1;2;2;35;3;6;0;0;1;0;8;0;1;0;15;0;0;0;4;0;0;0;
2021;Disparo de arma de fuego con herida;1;0;0;0;0;1;0;0;0;0;0;0;1;0;0;0;0;0;0;0;0;0;0;0;
2021;Disparo de arma de fuego sin herir;15;1;0;0;0;7;0;1;0;1;0;0;3;0;1;1;1;0;0;0;2;0;0;0;
2021;Disparo de arma de fuego y agresion agravada;29;0;0;0;1;5;0;1;0;0;0;0;0;0;0;2;3;0;0;0;4;0;0;2;
2021;Disparo de arma de fuego y agresion en estado de emocion violenta;2;0;0;0;0;0;0;0;0;0;0;0;0;0;0;0;0;0;0;0;0;0;0;0;
2021;Femicidio;132;31;0;28;2;32;10;22;1;7;2;0;56;3;8;12;48;3;4;1;36;6;2;29;
2021;"Homicidio ""criminis causa""";47;2;0;2;2;2;0;1;2;0;1;0;14;0;1;3;2;3;2;2;4;0;0;5;
2021;Homicidio calificado;72;3;0;14;2;16;1;1;0;1;0;0;19;3;11;5;9;1;0;0;77;3;0;7;
2021;Homicidio calificado a miembros de seguridad, policial o penitenciaria;7;2;0;0;0;3;0;2;0;0;0;0;2;0;1;0;1;0;0;0;2;0;1;0;
2021;Homicidio calificado por el vinculo;188;46;3;25;0;49;13;21;4;6;10;0;66;2;7;16;52;3;3;3;46;7;5;35;
2021;Homicidio con el proposito de causar sufrimiento a una persona con la que se mantiene o ha mantenido una relacion;1;0;0;0;0;1;0;1;0;0;0;0;1;0;0;0;0;0;0;0;0;0;0;1;
2021;Homicidio con ensañamiento, alevosia, insidia;10;5;0;3;1;3;5;1;0;0;0;0;2;0;0;3;3;6;1;0;4;1;1;11;
2021;Homicidio en estado de emocion violenta;1;1;0;0;0;2;0;0;0;0;0;0;0;0;0;1;0;0;0;0;0;0;0;1;
2021;Homicidio en estado de emocion violenta calificado;0;0;0;0;1;0;0;0;0;0;0;0;1;0;0;0;0;0;0;0;0;0;0;0;
2021;Homicidio en exceso de la legitima defensa;10;1;0;3;2;3;1;2;4;1;0;0;5;1;2;6;7;0;0;0;10;2;0;7;
2021;Homicidio en riña;10;3;0;5;0;0;0;0;2;0;0;0;11;0;1;1;0;0;0;0;5;0;0;0;
2021;Homicidio en riña calificado;0;0;0;0;0;0;0;0;1;0;0;0;2;0;0;0;3;0;0;0;1;0;0;0;
2021;Homicidio por abuso de su funcion o cargo, cuando fuere miembro integrante de la fuerza de seguridad, policiales o del servicio penitenciario;1;0;0;0;0;0;0;0;0;0;0;0;1;0;0;0;0;0;0;0;0;0;0;0;
2021;Homicidio por placer, codicia, odio racial o religioso;1;2;0;0;0;0;0;0;0;0;0;0;0;0;0;0;0;0;0;0;0;0;0;0;
2021;Homicidio por precio o promesa remuneratoria;1;2;0;0;0;2;0;0;0;0;0;0;0;0;0;0;0;0;0;0;2;0;0;0;
2021;"Homicidio premeditado; pluralidad de agentes";20;1;0;1;0;0;0;0;0;3;0;0;14;0;0;0;0;3;0;0;5;4;0;1;
2021;Homicidio preterintencional;10;1;1;0;0;0;0;1;0;0;0;0;0;0;2;0;1;1;0;0;5;0;0;5;
2021;Homicidio preterintencional calificado;1;0;0;0;0;0;0;0;0;0;0;0;0;0;0;0;0;0;0;0;0;0;0;0;
2021;Homicidio simple;205;18;2;43;14;27;10;32;3;5;6;3;59;16;20;19;37;6;5;11;98;20;3;75;
2021;Lesiones en estado de emocion violenta;1;0;0;0;0;0;0;0;0;0;0;0;0;0;0;0;0;0;0;0;0;0;1;1;
2021;Lesiones en riña calificadas;2;1;0;0;0;0;0;0;0;0;0;0;4;0;0;1;0;0;0;0;1;0;0;1;
2021;Lesiones graves;299;62;3;43;11;54;9;67;11;7;26;1;68;12;12;27;74;7;9;1;87;9;8;106;
2021;Lesiones graves calificadas;58;11;3;12;2;30;2;18;0;3;7;0;25;3;5;18;32;2;0;0;30;7;5;27;
2021;Lesiones graves o gravisimas en riña;3;4;0;0;2;0;0;0;0;0;0;0;5;0;0;0;5;0;0;0;0;0;0;0;
2021;Lesiones gravisimas;3;2;0;3;0;3;1;2;0;0;3;0;3;0;1;1;5;0;0;0;1;1;0;1;
2021;Lesiones gravisimas calificadas;4;0;0;2;0;2;0;2;0;0;0;0;2;1;0;1;1;0;1;0;3;1;0;0;
2021;Lesiones leves;764;209;12;84;13;156;26;86;17;24;52;2;209;15;25;81;163;37;3;3;190;17;23;114;
2021;Lesiones leves calificadas;1.349;319;36;184;33;356;43;175;15;66;116;4;554;19;44;156;289;114;5;8;297;55;41;283;
2021;Lesiones leves en riña;7;1;0;0;0;0;0;0;0;0;0;0;2;0;0;0;2;1;0;0;1;0;0;0;
2021;Abuso sexual;305;155;8;57;34;39;18;117;8;12;57;1;75;24;72;102;105;20;15;7;92;4;5;89;
2021;Abuso sexual cometido por ascendiente, descendiente, a fin en linea recta, hermano, tutor, curador, ministro de algun culto reconocido o no, encargado de la educacion o de la guarda;45;31;1;30;8;38;9;28;0;7;19;0;23;10;6;15;36;5;2;4;65;8;2;33;
2021;Abuso sexual agravado;157;20;0;20;28;34;8;37;1;9;11;2;35;22;9;27;42;9;7;5;43;7;6;28;
2021;Abuso sexual agravado por acceso carnal;217;32;9;78;15;108;23;51;5;41;26;1;78;52;21;22;118;16;15;13;153;29;5;78;
2021;Abuso sexual cometido por personal perteneciente a las fuerzas policiales o de seguridad en ocasion de sus funciones;2;1;0;0;0;0;1;0;0;0;0;0;0;1;0;0;0;0;0;0;3;0;0;0;
2021;Abuso sexual cometido contra un menor de 18 años, aprovechando la situacion de convivencia preexistente con el mismo;78;32;0;32;2;28;14;25;1;7;6;0;48;10;11;13;40;2;4;6;63;10;0;27;
2021;Abuso sexual cometido por autor que tuviere conocimiento de ser portador de una enfermedad de transmision sexual grave, y hubiere existido peligro de contagio;0;1;0;1;1;2;0;1;1;1;1;0;0;1;0;1;0;0;0;0;3;0;0;3;
2021;Abuso sexual cometido por dos o mas personas, o con armas;8;3;0;3;0;6;1;2;0;1;0;0;3;3;2;0;2;0;0;0;7;0;0;4;
2021;Abuso sexual con grave daño a la salud fisica o mental de la victima;1;3;1;0;0;16;1;0;0;0;1;0;3;1;3;2;2;0;0;2;10;2;0;8;
2021;Abuso sexual con sometimiento sexual gravemente ultrajante para la victima;84;13;3;11;1;33;2;13;1;4;7;1;21;3;2;7;44;4;5;4;56;4;1;16;
2021;Abuso sexual con violencia, amenaza, abuso coactivo o intimidatorio de una relacion de dependencia, de autoridad, o de poder, o aprovechamiento de que la victima por cualquier causa no haya podido consentir libremente la accion;6;6;1;1;0;2;1;5;0;0;2;0;4;1;1;5;2;0;1;0;10;4;0;5;
2021;Estupro;5;4;0;5;0;2;2;9;0;1;2;0;1;2;0;5;13;0;0;0;7;1;0;4;
2021;Estupro agravado;0;0;0;0;0;0;0;0;0;0;0;0;0;0;0;0;0;0;0;0;2;0;0;0;
2021;Exhibiciones obscenas;20;4;1;5;0;7;1;2;3;0;2;0;3;0;1;6;3;3;0;1;3;0;1;2;
2021;Grooming;16;7;0;1;2;5;0;4;0;1;4;0;0;0;0;2;1;0;0;0;1;0;1;0;
2021;Ley 26.904 (Grooming);11;2;0;0;0;0;0;1;0;0;0;0;1;0;0;1;2;0;0;0;3;0;0;0;
2021;Promocion o facilitacion de la corrupcion de menores;29;5;1;4;2;26;1;8;0;0;0;0;6;2;1;10;3;1;0;1;17;0;0;4;
2021;Promocion o facilitacion de la corrupcion de menores calificada;5;1;0;2;0;4;0;1;2;1;0;0;1;3;0;0;1;0;0;0;7;0;0;1;
2021;Promocion o facilitacion de la prostitucion;5;1;0;0;0;1;0;0;0;0;0;0;0;0;2;1;2;0;0;0;4;0;0;0;
2021;Promocion o facilitacion de la prostitucion calificada;4;0;0;0;1;3;0;1;1;0;0;0;0;0;0;0;1;0;0;0;6;0;3;0;
2021;Promocion y facilitacion de la prostitucion o corrupcion de mayores;9;0;0;0;0;1;0;0;0;0;0;0;0;0;0;0;0;0;0;0;3;0;0;0;
2021;Proxenetismo;10;7;0;0;0;1;0;0;0;0;0;0;0;0;2;0;0;3;0;0;6;0;2;0;
2021;Proxenetismo agravado;1;0;0;0;0;0;0;0;0;0;0;0;0;0;0;0;0;4;0;0;0;0;0;0;
2021;Publicaciones y reproducciones obscenas;32;28;0;4;0;14;0;1;1;0;3;0;2;0;1;8;2;0;0;1;7;0;0;1;
2021;Rapto;0;0;0;0;0;2;0;0;0;0;0;0;2;0;0;0;0;0;0;0;0;0;0;0;
2021;Rapto calificado;2;0;0;0;0;0;0;0;0;0;0;0;0;0;0;0;0;0;0;0;0;0;0;0;
2021;Rapto impropio;0;0;0;0;0;1;0;0;0;0;0;0;0;0;0;0;0;0;0;0;0;0;0;0;
2021;Trata de menores;1;0;0;0;0;0;0;0;0;0;0;0;0;0;0;0;0;0;0;0;0;0;0;0;
2021;Trata de mujeres;2;0;0;0;0;1;0;0;0;0;0;0;0;0;0;0;0;0;0;0;1;0;0;0;
2022;Delitos contra las personas (culposos);552;101;20;23;4;50;15;34;10;10;23;8;101;24;11;21;56;7;8;4;52;4;3;38;1179
2022;Delitos contra las personas (dolosos);4821;638;47;311;144;1062;180;403;83;228;236;19;980;102;98;313;742;91;23;41;757;121;68;744;12252
2022;Delitos contra el honor;1;0;0;0;0;0;0;0;0;0;0;0;0;0;0;0;0;0;0;0;0;0;0;0;1
2022;Delitos contra la integridad sexual;2.105;397;40;224;102;410;133;315;69;69;169;9;274;129;139;221;389;128;29;56;451;67;21;354;6300
2022;Delitos contra el estado civil;2;3;0;0;0;1;0;0;0;0;0;0;0;0;0;0;0;0;0;0;0;0;0;0;6
2022;Delitos contra la libertad;4.317;561;23;220;106;1.645;74;303;80;129;155;6;1.018;97;55;216;707;60;16;28;705;57;36;508;11122
2022;Delitos contra la propiedad;7.076;3.074;54;203;230;2.003;186;379;149;176;228;122;1.414;125;170;317;1.019;178;81;38;1.281;92;43;709;19347
2022;Delitos contra la seguridad publica;2.228;244;1;30;33;288;13;79;12;3;24;2;294;37;38;90;77;17;23;6;604;13;5;71;4232
2022;Delitos contra el orden publico;137;83;0;2;2;202;10;16;1;1;0;0;0;4;4;0;1;20;0;0;68;0;0;4;555
2022;Delitos contra los poderes publicos y el orden constitucional;1;0;0;0;0;0;0;0;0;0;0;0;0;0;0;0;0;0;0;0;0;0;0;0;1
2022;Delitos contra la administracion publica;4.090;574;15;84;112;833;62;241;40;80;70;12;620;79;55;208;456;35;26;14;660;30;12;270;8678
2022;Delitos contra la fe publica;177;159;1;1;4;28;11;15;1;2;1;0;16;8;1;2;10;1;2;3;30;0;1;6;480
2022;Abandono de parientes y conyuge;0;0;0;0;0;0;0;0;0;0;0;0;0;0;0;0;0;0;0;0;1;0;0;0;
2022;Abandono de persona;7;5;0;0;0;0;0;2;0;0;0;0;0;0;0;4;1;0;0;0;2;1;0;0;
2022;Abandono de persona calificado;5;0;0;0;0;0;0;0;0;0;0;0;0;0;0;1;0;0;0;0;0;0;0;0;
2022;Abandono de persona seguido de muerte;9;0;0;1;0;0;0;0;0;0;0;0;0;0;0;2;0;0;0;0;0;0;0;0;
2022;Aborto;1;0;0;0;0;0;0;0;0;0;0;0;0;0;0;0;0;0;0;0;0;0;0;0;
2022;Aborto preterintencional;1;0;0;0;0;0;0;0;0;0;0;0;0;0;0;0;0;0;0;0;0;0;0;0;
2022;Aborto sin consentimiento;3;1;0;0;0;0;0;0;0;0;0;0;0;0;0;0;0;0;0;0;0;0;0;0;
2022;Aborto sin consentimiento seguido de muerte;0;0;0;0;0;0;0;0;0;0;0;0;0;0;0;0;1;0;0;0;0;0;0;0;
2022;Abuso de armas;237;18;1;5;4;56;3;37;4;0;6;0;33;2;4;17;13;3;2;2;104;0;0;27;
2022;Agresion con toda arma;31;1;0;2;0;41;0;1;0;0;0;0;15;1;0;0;18;0;0;0;3;0;0;0;
2022;Disparo de arma de fuego con herida;2;0;0;0;0;0;0;0;0;0;0;0;1;0;0;0;0;0;0;0;1;0;0;0;
2022;Disparo de arma de fuego sin herir;27;0;0;0;0;13;0;2;0;1;3;0;2;0;0;0;0;0;0;0;1;0;0;3;
2022;Disparo de arma de fuego y agresion agravada;29;0;0;1;0;16;1;0;0;0;0;0;1;0;1;0;2;0;0;0;1;0;0;1;
2022;Femicidio;29;5;1;6;3;8;3;8;1;10;0;0;8;3;1;1;17;1;0;1;6;0;2;10;
2022;"Homicidio ""criminis causa""";75;3;0;0;4;4;2;1;0;0;1;0;12;0;0;2;1;2;0;0;2;0;0;2;
2022;Homicidio calificado;213;17;1;13;15;36;9;6;3;3;0;0;22;5;7;8;12;4;0;1;83;1;1;24;
2022;Homicidio calificado a miembros de seguridad, policial o penitenciaria;10;0;0;0;0;3;1;0;0;0;0;0;2;0;1;0;0;1;0;0;0;0;1;0;
2022;Homicidio calificado por el vinculo;51;10;2;6;0;15;10;9;5;7;3;0;14;4;2;1;18;1;0;1;7;4;1;10;
2022;Homicidio con el proposito de causar sufrimiento a una persona con la que se mantiene o ha mantenido una relacion;1;0;0;0;0;3;0;0;0;0;0;0;0;0;0;0;0;0;0;0;1;0;0;0;
2022;Homicidio con ensañamiento, alevosia, insidia;13;3;0;2;0;4;2;0;0;1;1;0;2;2;0;0;4;0;0;0;0;0;1;5;
2022;Homicidio en estado de emocion violenta;0;0;0;0;0;0;0;0;1;0;1;0;0;0;0;0;0;0;0;0;1;0;0;0;
2022;Homicidio en estado de emocion violenta calificado;1;0;0;0;0;0;0;0;0;0;0;0;0;0;0;0;0;0;0;0;0;0;0;0;
2022;Homicidio en exceso de la legitima defensa;14;1;0;2;0;2;1;1;2;0;0;2;1;0;2;1;0;0;0;0;6;1;0;1;
2022;Homicidio en riña;8;3;0;7;0;1;0;0;1;0;0;0;10;2;0;1;5;0;0;0;1;0;0;4;
2022;Homicidio por abuso de su funcion o cargo, cuando fuere miembro integrante de la fuerza de seguridad, policiales o del servicio penitenciario;1;0;0;0;0;0;0;0;0;0;0;0;0;0;0;0;0;0;0;0;0;0;0;1;
2022;Homicidio por placer, codicia, odio racial o religioso;0;0;0;0;0;0;0;0;0;0;0;0;0;0;0;0;1;0;0;0;0;0;0;0;
2022;"Homicidio premeditado; pluralidad de agentes";15;1;0;0;0;0;0;0;0;1;0;0;1;0;0;0;1;2;0;0;3;0;0;2;
2022;Homicidio preterintencional;3;4;0;3;1;5;1;0;0;4;0;1;2;3;0;3;5;2;1;0;1;0;0;2;
2022;Homicidio preterintencional calificado;0;0;0;0;0;0;0;0;0;0;0;0;0;0;0;0;1;1;0;0;0;0;0;0;
2022;Homicidio simple;352;37;1;33;18;34;30;51;8;13;3;3;41;8;14;20;39;10;3;7;70;22;1;83;
2022;Lesiones en riña calificadas;2;1;0;0;0;0;0;0;0;0;0;0;1;0;0;1;0;0;0;0;0;0;1;0;
2022;Lesiones graves;412;53;3;30;28;53;23;57;7;19;17;2;53;10;11;33;74;4;4;6;44;5;8;87;
2022;Lesiones graves calificadas;98;14;0;11;3;26;9;17;0;6;6;0;20;7;6;27;32;2;2;1;17;2;1;18;
2022;Lesiones graves o gravisimas en riña;3;2;0;0;0;0;0;0;0;0;0;0;1;0;0;0;2;1;0;0;0;0;0;0;
2022;Lesiones gravisimas;9;3;0;0;0;1;0;2;0;1;0;0;2;0;0;1;4;0;0;0;3;0;0;1;
2022;Lesiones gravisimas calificadas;5;1;0;1;0;1;0;1;0;0;0;0;4;0;0;0;1;0;0;1;0;0;0;2;
2022;Lesiones leves;1.106;202;9;55;24;220;23;67;28;31;77;7;200;20;14;82;182;27;4;12;150;20;17;109;
2022;Lesiones leves calificadas;2.043;253;29;133;44;520;62;141;23;131;118;4;530;35;35;107;308;30;7;9;246;65;34;351;
2022;Lesiones leves en riña;5;0;0;0;0;0;0;0;0;0;0;0;2;0;0;1;0;0;0;0;3;0;0;1;
2022;Abuso sexual;446;174;13;65;28;58;33;108;12;11;72;2;63;24;57;105;102;29;11;8;85;15;13;140;
2022;Abuso sexual cometido por ascendiente, descendiente, a fin en linea recta, hermano, tutor, curador, ministro de algun culto reconocido o no, encargado de la educacion o de la guarda;243;22;2;15;15;46;9;32;9;5;18;0;28;13;11;17;38;19;0;7;49;8;1;27;
2022;Abuso sexual agravado;121;27;1;23;19;23;11;28;6;5;14;0;16;8;11;21;33;9;2;4;32;5;3;24;
2022;Abuso sexual agravado por acceso carnal;411;30;11;56;11;101;40;53;28;22;24;5;75;51;28;12;91;31;9;10;117;20;2;83;
2022;Abuso sexual cometido por personal perteneciente a las fuerzas policiales o de seguridad en ocasion de sus funciones;2;0;0;0;0;1;1;1;0;0;0;0;0;0;0;0;0;0;0;1;0;0;0;0;
2022;Abuso sexual cometido contra un menor de 18 años, aprovechando la situacion de convivencia preexistente con el mismo;275;50;4;30;17;36;23;34;8;12;14;2;39;16;20;24;44;12;2;11;52;8;1;31;
2022;Abuso sexual cometido por autor que tuviere conocimiento de ser portador de una enfermedad de transmision sexual grave, y hubiere existido peligro de contagio;2;0;1;0;0;1;0;0;0;1;0;0;0;0;0;0;1;0;0;0;1;2;0;0;
2022;Abuso sexual cometido por dos o mas personas, o con armas;33;2;0;0;0;6;1;1;1;1;0;0;3;0;0;1;9;0;0;5;4;0;0;4;
2022;Abuso sexual con grave daño a la salud fisica o mental de la victima;17;7;0;0;0;18;1;3;0;0;1;0;1;1;2;2;0;6;1;0;4;1;0;6;
2022;Abuso sexual con sometimiento sexual gravemente ultrajante para la victima;221;9;1;12;4;31;5;15;2;6;8;0;23;2;7;5;18;8;4;6;45;5;0;19;
2022;Abuso sexual con violencia, amenaza, abuso coactivo o intimidatorio de una relacion de dependencia, de autoridad, o de poder, o aprovechamiento de que la victima por cualquier causa no haya podido consentir libremente la accion;7;3;1;2;0;4;1;9;0;1;3;0;2;2;1;3;4;0;0;0;5;0;0;3;
2022;Abuso sexual seguido de muerte;2;0;0;0;0;0;0;0;0;0;0;0;0;0;0;0;0;0;0;0;0;0;0;0;
2022;Corrupcion o prostitucion de mayores;0;0;0;0;0;0;0;0;0;0;0;0;0;0;0;0;0;0;0;0;1;0;0;0;
2022;Estupro;27;2;1;8;1;0;1;7;0;1;0;0;1;1;0;4;17;2;0;1;3;2;0;6;
2022;Estupro agravado;1;0;0;0;0;0;0;0;0;0;0;0;0;0;0;0;1;0;0;0;0;0;0;1;
2022;Exhibiciones obscenas;34;6;1;2;2;2;1;5;0;0;4;0;2;1;0;6;4;3;0;1;4;0;0;2;
2022;Grooming;37;5;2;5;1;10;1;3;0;4;3;0;3;0;0;6;8;1;0;1;2;0;0;3;
2022;Promocion o facilitacion de la corrupcion de menores;97;8;1;3;1;40;2;11;3;0;1;0;12;8;1;5;11;4;0;1;21;1;0;2;
2022;Promocion o facilitacion de la corrupcion de menores calificada;22;1;0;0;0;9;0;0;0;0;0;0;4;1;1;2;0;1;0;0;6;0;0;2;
2022;Promocion o facilitacion de la prostitucion;14;2;0;0;0;1;0;0;0;0;0;0;0;0;0;0;2;1;0;0;1;0;0;0;
2022;Promocion o facilitacion de la prostitucion calificada;3;1;0;0;0;3;0;0;0;0;0;0;0;0;0;0;0;1;0;0;0;0;0;0;
2022;Promocion y facilitacion de la prostitucion o corrupcion de mayores;5;0;0;0;0;0;0;1;0;0;0;0;0;0;0;0;1;0;0;0;1;0;0;1;
2022;Proxenetismo;8;5;0;0;0;0;0;0;0;0;0;0;0;0;0;0;0;1;0;0;1;0;0;0;
2022;Proxenetismo agravado;1;0;0;0;0;1;0;0;0;0;0;0;0;0;0;0;0;0;0;0;0;0;0;0;
2022;Publicaciones y reproducciones obscenas;65;42;1;3;3;18;2;3;0;0;6;0;1;1;0;8;3;0;0;0;16;0;1;0;
2022;Rapto;9;0;0;0;0;0;1;1;0;0;1;0;1;0;0;0;2;0;0;0;0;0;0;0;
2022;Rapto calificado;1;0;0;0;0;1;0;0;0;0;0;0;0;0;0;0;0;0;0;0;0;0;0;0;
2022;Trata de menores;0;1;0;0;0;0;0;0;0;0;0;0;0;0;0;0;0;0;0;0;0;0;0;0;
2022;Trata de mujeres;1;0;0;0;0;0;0;0;0;0;0;0;0;0;0;0;0;0;0;0;1;0;0;0;